Title	Assignees	Status	Labels
Rework tutorial with TutorialKit (https://tutorialkit.dev/)		BACKLOG	
WebSocket-only JavaScript client		BACKLOG	
How to deploy a Socket.IO application		BACKLOG	
How to build a Twitter clone with Socket.IO		BACKLOG	
How to build a Trello clone with Socket.IO		BACKLOG	
Golang client		BACKLOG	
Postgres adapter: implement connection state recovery		BACKLOG	
Example with Postman		BACKLOG	
Java client: connection state recovery		BACKLOG	
Keep an eye on https://github.com/nodejs/node/issues/38478		BACKLOG	
Keep an eye on https://github.com/nodejs/node/issues/19308		BACKLOG	
Add a "Get started" project with Electron		BACKLOG	
Add a "Get started" project with React Native		BACKLOG	
Merge projects into a monorepo		DONE	
Investigate sticky-less sessions		DONE	